<?xml version = '1.0' encoding = 'UTF-8'?>
<Relation class="oracle.dbtools.crest.model.design.logical.Relation" name="Relation_9" directorySegmentName="seg_0" id="064CF432-F034-7657-02CC-E0FF548B9D38">
<createdBy>Win</createdBy>
<createdTime>2020-04-07 17:47:54 UTC</createdTime>
<ownerDesignName>atributos</ownerDesignName>
<engineerTo>
<item key="1467E455-D9E8-30BA-CAF6-6F507AD993B3" value="true"/>
</engineerTo>
<identifying>false</identifying>
<optionalSource>true</optionalSource>
<optionalTarget>false</optionalTarget>
<sourceCardinality>*</sourceCardinality>
<sourceEntity>EC514483-E9CC-E2EA-A680-E8D153937213</sourceEntity>
<targetCardinalityString>1</targetCardinalityString>
<targetEntity>2652D756-7975-4F50-5E42-B6D5CE461A68</targetEntity>
<transferable>true</transferable>
<deleteRule>NO ACTION</deleteRule>
</Relation>