<?xml version = '1.0' encoding = 'UTF-8'?>
<Relation class="oracle.dbtools.crest.model.design.logical.Relation" name="Relation_20" directorySegmentName="seg_0" id="3609EBBA-28EB-1E45-67BC-C6A06BADED0E">
<createdBy>Win</createdBy>
<createdTime>2020-04-16 13:12:43 UTC</createdTime>
<ownerDesignName>atributos</ownerDesignName>
<engineerTo>
<item key="1467E455-D9E8-30BA-CAF6-6F507AD993B3" value="true"/>
</engineerTo>
<identifying>false</identifying>
<optionalSource>true</optionalSource>
<optionalTarget>false</optionalTarget>
<sourceCardinality>1</sourceCardinality>
<sourceEntity>CFCEB0A1-050A-6697-FF06-61B3111BE620</sourceEntity>
<targetCardinalityString>*</targetCardinalityString>
<targetEntity>BD4FEAA3-2024-C15D-94A2-7CCCF6E8A469</targetEntity>
<transferable>true</transferable>
<deleteRule>NO ACTION</deleteRule>
</Relation>