<?xml version = '1.0' encoding = 'UTF-8'?>
<Relation class="oracle.dbtools.crest.model.design.logical.Relation" name="Relation_21" directorySegmentName="seg_0" id="51858E12-98E3-7DE1-9D72-BFC054FE5D86">
<createdBy>Win</createdBy>
<createdTime>2020-04-16 13:13:38 UTC</createdTime>
<ownerDesignName>atributos</ownerDesignName>
<engineerTo>
<item key="1467E455-D9E8-30BA-CAF6-6F507AD993B3" value="true"/>
</engineerTo>
<identifying>false</identifying>
<optionalSource>true</optionalSource>
<optionalTarget>false</optionalTarget>
<sourceCardinality>1</sourceCardinality>
<sourceEntity>CFCEB0A1-050A-6697-FF06-61B3111BE620</sourceEntity>
<targetCardinalityString>*</targetCardinalityString>
<targetEntity>707AD44D-3A9B-5E05-8067-A5A2992A8B04</targetEntity>
<transferable>true</transferable>
<deleteRule>NO ACTION</deleteRule>
</Relation>