<?xml version = '1.0' encoding = 'UTF-8'?>
<Relation class="oracle.dbtools.crest.model.design.logical.Relation" name="Relation_18" directorySegmentName="seg_0" id="881E2380-1576-3EE4-F2B3-827DC89AF0F9">
<createdBy>Win</createdBy>
<createdTime>2020-04-16 12:58:59 UTC</createdTime>
<ownerDesignName>atributos</ownerDesignName>
<engineerTo>
<item key="1467E455-D9E8-30BA-CAF6-6F507AD993B3" value="true"/>
</engineerTo>
<identifying>false</identifying>
<optionalSource>true</optionalSource>
<optionalTarget>false</optionalTarget>
<sourceCardinality>1</sourceCardinality>
<sourceEntity>111B462F-263B-1753-2E5E-24F07DB48E3C</sourceEntity>
<targetCardinalityString>*</targetCardinalityString>
<targetEntity>CB43934C-D857-D004-1E56-E13A2DFF80E9</targetEntity>
<transferable>true</transferable>
<deleteRule>NO ACTION</deleteRule>
</Relation>