<?xml version = '1.0' encoding = 'UTF-8'?>
<Relation class="oracle.dbtools.crest.model.design.logical.Relation" name="Relation_17" directorySegmentName="seg_0" id="BD29AE01-2CFE-0D3F-4AFD-D561DAC2478B">
<createdBy>Win</createdBy>
<createdTime>2020-04-16 12:57:41 UTC</createdTime>
<ownerDesignName>atributos</ownerDesignName>
<engineerTo>
<item key="1467E455-D9E8-30BA-CAF6-6F507AD993B3" value="true"/>
</engineerTo>
<identifying>false</identifying>
<optionalSource>false</optionalSource>
<optionalTarget>true</optionalTarget>
<sourceCardinality>*</sourceCardinality>
<sourceEntity>111B462F-263B-1753-2E5E-24F07DB48E3C</sourceEntity>
<targetCardinalityString>1</targetCardinalityString>
<targetEntity>E2814F12-D26B-9537-07C1-D0671EB00323</targetEntity>
<transferable>true</transferable>
<deleteRule>NO ACTION</deleteRule>
</Relation>