<?xml version = '1.0' encoding = 'UTF-8'?>
<Relation class="oracle.dbtools.crest.model.design.logical.Relation" name="Relation_12" directorySegmentName="seg_0" id="CBF65248-92C3-B99F-F0A9-9D22BE814D76">
<createdBy>Win</createdBy>
<createdTime>2020-04-07 17:48:56 UTC</createdTime>
<ownerDesignName>atributos</ownerDesignName>
<engineerTo>
<item key="1467E455-D9E8-30BA-CAF6-6F507AD993B3" value="true"/>
</engineerTo>
<identifying>false</identifying>
<optionalSource>false</optionalSource>
<optionalTarget>true</optionalTarget>
<sourceCardinality>*</sourceCardinality>
<sourceEntity>BD4FEAA3-2024-C15D-94A2-7CCCF6E8A469</sourceEntity>
<targetCardinalityString>1</targetCardinalityString>
<targetEntity>2652D756-7975-4F50-5E42-B6D5CE461A68</targetEntity>
<transferable>true</transferable>
<deleteRule>NO ACTION</deleteRule>
</Relation>