<?xml version = '1.0' encoding = 'UTF-8'?>
<Relation class="oracle.dbtools.crest.model.design.logical.Relation" name="Relation_6" directorySegmentName="seg_0" id="D6D416CC-BDBC-D114-4F37-617A6C7BEB9C">
<createdBy>Win</createdBy>
<createdTime>2020-04-07 17:47:31 UTC</createdTime>
<ownerDesignName>atributos</ownerDesignName>
<engineerTo>
<item key="1467E455-D9E8-30BA-CAF6-6F507AD993B3" value="true"/>
</engineerTo>
<identifying>false</identifying>
<optionalSource>true</optionalSource>
<optionalTarget>false</optionalTarget>
<sourceCardinality>1</sourceCardinality>
<sourceEntity>E700E208-4308-1B81-DA0C-54A90DE35BDB</sourceEntity>
<targetCardinalityString>*</targetCardinalityString>
<targetEntity>DD47774A-C6C9-BBB1-F37A-CF5755E394BC</targetEntity>
<transferable>true</transferable>
<deleteRule>NO ACTION</deleteRule>
</Relation>