<?xml version = '1.0' encoding = 'UTF-8'?>
<Relation class="oracle.dbtools.crest.model.design.logical.Relation" name="Relation_8" directorySegmentName="seg_0" id="E039EFB3-9D1D-9035-3111-89C37D620B0A">
<createdBy>Win</createdBy>
<createdTime>2020-04-07 17:47:46 UTC</createdTime>
<ownerDesignName>atributos</ownerDesignName>
<engineerTo>
<item key="1467E455-D9E8-30BA-CAF6-6F507AD993B3" value="true"/>
</engineerTo>
<identifying>false</identifying>
<optionalSource>false</optionalSource>
<optionalTarget>true</optionalTarget>
<sourceCardinality>1</sourceCardinality>
<sourceEntity>2FF39F2E-6221-8282-CDC3-D8AF3FF728FB</sourceEntity>
<targetCardinalityString>*</targetCardinalityString>
<targetEntity>EC514483-E9CC-E2EA-A680-E8D153937213</targetEntity>
<transferable>true</transferable>
<deleteRule>NO ACTION</deleteRule>
</Relation>