<?xml version = '1.0' encoding = 'UTF-8'?>
<Relation class="oracle.dbtools.crest.model.design.logical.Relation" name="Relation_19" directorySegmentName="seg_0" id="E1DB34C1-45FD-0D9B-5629-3B8FD9E4CFA1">
<createdBy>Win</createdBy>
<createdTime>2020-04-16 13:07:47 UTC</createdTime>
<ownerDesignName>atributos</ownerDesignName>
<engineerTo>
<item key="1467E455-D9E8-30BA-CAF6-6F507AD993B3" value="true"/>
</engineerTo>
<identifying>false</identifying>
<optionalSource>false</optionalSource>
<optionalTarget>true</optionalTarget>
<sourceCardinality>*</sourceCardinality>
<sourceEntity>CB43934C-D857-D004-1E56-E13A2DFF80E9</sourceEntity>
<targetCardinalityString>1</targetCardinalityString>
<targetEntity>CFCEB0A1-050A-6697-FF06-61B3111BE620</targetEntity>
<transferable>true</transferable>
<deleteRule>NO ACTION</deleteRule>
</Relation>