<?xml version = '1.0' encoding = 'UTF-8'?>
<Diagram class="oracle.dbtools.crest.swingui.logical.DPVLogical" name="Logical" id="39577564-0416-D36D-511B-12547330A3F9">
<createdBy>Win</createdBy>
<modifiedBy>Win</modifiedBy>
<createdTime>2020-04-07 17:32:23 UTC</createdTime>
<autoRoute>false</autoRoute>
<boxInbox>true</boxInbox>
<showLegend>false</showLegend>
<showLabels>false</showLabels>
<showRelAttributes>false</showRelAttributes>
<gridEnabled>false</gridEnabled>
<showGrid>false</showGrid>
<diagramColor>-1</diagramColor>
<display>false</display>
<notation>1</notation>
<objectViews>
<OView class="oracle.dbtools.crest.swingui.logical.TVEntity" oid="111B462F-263B-1753-2E5E-24F07DB48E3C" otype="Entity" vid="8D3645FE-613E-5160-4318-86073E4C5413">
<hideElementsInCurrentOnly>false</hideElementsInCurrentOnly>
<bounds x="486" y="398" width="130" height="77"/>
</OView>
<OView class="oracle.dbtools.crest.swingui.logical.TVEntity" oid="15B1B312-E211-D68D-2105-FA3CED8BCAA6" otype="Entity" vid="C079E531-6D3F-27D4-5AD1-3F18E0E4BAF1">
<hideElementsInCurrentOnly>false</hideElementsInCurrentOnly>
<bounds x="1212" y="72" width="156" height="107"/>
</OView>
<OView class="oracle.dbtools.crest.swingui.logical.TVEntity" oid="2652D756-7975-4F50-5E42-B6D5CE461A68" otype="Entity" vid="293F1AEA-FA9B-4CAC-CA38-B9130B30FFEB">
<hideElementsInCurrentOnly>false</hideElementsInCurrentOnly>
<bounds x="516" y="1" width="134" height="71"/>
</OView>
<OView class="oracle.dbtools.crest.swingui.logical.TVEntity" oid="2FF39F2E-6221-8282-CDC3-D8AF3FF728FB" otype="Entity" vid="57ACE020-27BF-DCB1-ED2F-6964F24E124D">
<hideElementsInCurrentOnly>false</hideElementsInCurrentOnly>
<bounds x="695" y="63" width="135" height="77"/>
</OView>
<OView class="oracle.dbtools.crest.swingui.logical.TVEntity" oid="707AD44D-3A9B-5E05-8067-A5A2992A8B04" otype="Entity" vid="DFB796BC-7042-89B8-56BE-A5CF1D567430">
<hideElementsInCurrentOnly>false</hideElementsInCurrentOnly>
<bounds x="692" y="287" width="130" height="83"/>
</OView>
<OView class="oracle.dbtools.crest.swingui.logical.TVEntity" oid="BD4FEAA3-2024-C15D-94A2-7CCCF6E8A469" otype="Entity" vid="44989527-9204-53B7-449A-5F7A66A8885B">
<hideElementsInCurrentOnly>false</hideElementsInCurrentOnly>
<bounds x="511" y="185" width="131" height="91"/>
</OView>
<OView class="oracle.dbtools.crest.swingui.logical.TVEntity" oid="CB43934C-D857-D004-1E56-E13A2DFF80E9" otype="Entity" vid="A06688F1-906E-192C-1C13-08B690C8C95D">
<hideElementsInCurrentOnly>false</hideElementsInCurrentOnly>
<bounds x="69" y="387" width="129" height="80"/>
</OView>
<OView class="oracle.dbtools.crest.swingui.logical.TVEntity" oid="CFCEB0A1-050A-6697-FF06-61B3111BE620" otype="Entity" vid="203E6D7D-EBDB-FC97-A810-A9D11FCA4F51">
<hideElementsInCurrentOnly>false</hideElementsInCurrentOnly>
<bounds x="252" y="69" width="153" height="89"/>
</OView>
<OView class="oracle.dbtools.crest.swingui.logical.TVEntity" oid="D0321279-C46D-5483-6313-E85A040FD85F" otype="Entity" vid="D63CA303-4C5A-78D9-68DD-4E069A3C69A6">
<hideElementsInCurrentOnly>false</hideElementsInCurrentOnly>
<bounds x="57" y="135" width="129" height="90"/>
</OView>
<OView class="oracle.dbtools.crest.swingui.logical.TVEntity" oid="DD47774A-C6C9-BBB1-F37A-CF5755E394BC" otype="Entity" vid="61F60E25-D8A3-1333-61B2-897C55E35447">
<hideElementsInCurrentOnly>false</hideElementsInCurrentOnly>
<bounds x="960" y="617" width="127" height="74"/>
</OView>
<OView class="oracle.dbtools.crest.swingui.logical.TVEntity" oid="E2814F12-D26B-9537-07C1-D0671EB00323" otype="Entity" vid="0B09DEAD-41A3-0B41-A6FC-5C0494104E80">
<hideElementsInCurrentOnly>false</hideElementsInCurrentOnly>
<bounds x="956" y="404" width="138" height="79"/>
</OView>
<OView class="oracle.dbtools.crest.swingui.logical.TVEntity" oid="E700E208-4308-1B81-DA0C-54A90DE35BDB" otype="Entity" vid="BC13E0DA-E926-2A29-D6E5-E545E0B77D23">
<hideElementsInCurrentOnly>false</hideElementsInCurrentOnly>
<bounds x="1228" y="604" width="136" height="83"/>
</OView>
<OView class="oracle.dbtools.crest.swingui.logical.TVEntity" oid="EC514483-E9CC-E2EA-A680-E8D153937213" otype="Entity" vid="284204EC-00D6-3DFB-73AD-484166744E0B">
<hideElementsInCurrentOnly>false</hideElementsInCurrentOnly>
<bounds x="942" y="77" width="135" height="79"/>
</OView>
<OView class="oracle.dbtools.crest.swingui.logical.TVEntity" oid="ED9554F9-9A3B-6155-EC15-BAC7C44DEE82" otype="Entity" vid="2A4A69F1-8A98-9A2E-8F45-8ECF6E3FA300">
<hideElementsInCurrentOnly>false</hideElementsInCurrentOnly>
<bounds x="72" y="584" width="140" height="94"/>
</OView>
</objectViews>
<connectors>
<Connector class="oracle.dbtools.crest.swingui.logical.TVRelation" oid="064CF432-F034-7657-02CC-E0FF548B9D38" otype="Relation" vid_source="284204EC-00D6-3DFB-73AD-484166744E0B" vid_target="293F1AEA-FA9B-4CAC-CA38-B9130B30FFEB">
<hideElementsInCurrentOnly>false</hideElementsInCurrentOnly>
<backgroundColor>-16777216</backgroundColor>
<lineWidth>1</lineWidth>
<points>
<point x="1015" y="77"/>
<point x="1015" y="22"/>
<point x="650" y="22"/>
</points>
</Connector>
<Connector class="oracle.dbtools.crest.swingui.logical.TVRelation" oid="1406D4E2-1D78-A2DF-7C88-7D6924B9F9BE" otype="Relation" vid_source="0B09DEAD-41A3-0B41-A6FC-5C0494104E80" vid_target="284204EC-00D6-3DFB-73AD-484166744E0B">
<hideElementsInCurrentOnly>false</hideElementsInCurrentOnly>
<backgroundColor>-16777216</backgroundColor>
<lineWidth>1</lineWidth>
<points>
<point x="1015" y="404"/>
<point x="1015" y="240"/>
<point x="1015" y="156"/>
</points>
</Connector>
<Connector class="oracle.dbtools.crest.swingui.logical.TVRelation" oid="2D4B2195-433E-DF46-2C9A-6DB106C29B29" otype="Relation" vid_source="284204EC-00D6-3DFB-73AD-484166744E0B" vid_target="C079E531-6D3F-27D4-5AD1-3F18E0E4BAF1">
<hideElementsInCurrentOnly>false</hideElementsInCurrentOnly>
<backgroundColor>-16777216</backgroundColor>
<lineWidth>1</lineWidth>
<points>
<point x="1077" y="116"/>
<point x="1212" y="116"/>
</points>
</Connector>
<Connector class="oracle.dbtools.crest.swingui.logical.TVRelation" oid="3609EBBA-28EB-1E45-67BC-C6A06BADED0E" otype="Relation" vid_source="203E6D7D-EBDB-FC97-A810-A9D11FCA4F51" vid_target="44989527-9204-53B7-449A-5F7A66A8885B">
<hideElementsInCurrentOnly>false</hideElementsInCurrentOnly>
<backgroundColor>-16777216</backgroundColor>
<lineWidth>1</lineWidth>
<points>
<point x="381" y="158"/>
<point x="381" y="238"/>
<point x="511" y="238"/>
</points>
</Connector>
<Connector class="oracle.dbtools.crest.swingui.logical.TVRelation" oid="51858E12-98E3-7DE1-9D72-BFC054FE5D86" otype="Relation" vid_source="203E6D7D-EBDB-FC97-A810-A9D11FCA4F51" vid_target="DFB796BC-7042-89B8-56BE-A5CF1D567430">
<hideElementsInCurrentOnly>false</hideElementsInCurrentOnly>
<backgroundColor>-16777216</backgroundColor>
<lineWidth>1</lineWidth>
<points>
<point x="353" y="158"/>
<point x="353" y="336"/>
<point x="692" y="336"/>
</points>
</Connector>
<Connector class="oracle.dbtools.crest.swingui.logical.TVRelation" oid="5FEF2160-EF8C-C1AD-C3A4-9EFF33C19EC5" otype="Relation" vid_source="A06688F1-906E-192C-1C13-08B690C8C95D" vid_target="D63CA303-4C5A-78D9-68DD-4E069A3C69A6">
<hideElementsInCurrentOnly>false</hideElementsInCurrentOnly>
<backgroundColor>-16777216</backgroundColor>
<lineWidth>1</lineWidth>
<points>
<point x="127" y="387"/>
<point x="127" y="225"/>
</points>
</Connector>
<Connector class="oracle.dbtools.crest.swingui.logical.TVRelation" oid="881E2380-1576-3EE4-F2B3-827DC89AF0F9" otype="Relation" vid_source="8D3645FE-613E-5160-4318-86073E4C5413" vid_target="A06688F1-906E-192C-1C13-08B690C8C95D">
<hideElementsInCurrentOnly>false</hideElementsInCurrentOnly>
<backgroundColor>-16777216</backgroundColor>
<lineWidth>1</lineWidth>
<points>
<point x="486" y="432"/>
<point x="198" y="432"/>
</points>
</Connector>
<Connector class="oracle.dbtools.crest.swingui.logical.TVRelation" oid="8C4C0127-34C0-0CFC-0F1D-5B2222BF389E" otype="Relation" vid_source="0B09DEAD-41A3-0B41-A6FC-5C0494104E80" vid_target="61F60E25-D8A3-1333-61B2-897C55E35447">
<hideElementsInCurrentOnly>false</hideElementsInCurrentOnly>
<backgroundColor>-16777216</backgroundColor>
<lineWidth>1</lineWidth>
<points>
<point x="1023" y="483"/>
<point x="1023" y="617"/>
</points>
</Connector>
<Connector class="oracle.dbtools.crest.swingui.logical.TVRelation" oid="BD29AE01-2CFE-0D3F-4AFD-D561DAC2478B" otype="Relation" vid_source="8D3645FE-613E-5160-4318-86073E4C5413" vid_target="0B09DEAD-41A3-0B41-A6FC-5C0494104E80">
<hideElementsInCurrentOnly>false</hideElementsInCurrentOnly>
<backgroundColor>-16777216</backgroundColor>
<lineWidth>1</lineWidth>
<points>
<point x="616" y="439"/>
<point x="956" y="439"/>
</points>
</Connector>
<Connector class="oracle.dbtools.crest.swingui.logical.TVRelation" oid="BE5C40C7-B0B4-A465-E385-7F02FBACD644" otype="Relation" vid_source="57ACE020-27BF-DCB1-ED2F-6964F24E124D" vid_target="DFB796BC-7042-89B8-56BE-A5CF1D567430">
<hideElementsInCurrentOnly>false</hideElementsInCurrentOnly>
<backgroundColor>-16777216</backgroundColor>
<lineWidth>1</lineWidth>
<points>
<point x="758" y="140"/>
<point x="758" y="287"/>
</points>
</Connector>
<Connector class="oracle.dbtools.crest.swingui.logical.TVRelation" oid="CBF65248-92C3-B99F-F0A9-9D22BE814D76" otype="Relation" vid_source="44989527-9204-53B7-449A-5F7A66A8885B" vid_target="293F1AEA-FA9B-4CAC-CA38-B9130B30FFEB">
<hideElementsInCurrentOnly>false</hideElementsInCurrentOnly>
<backgroundColor>-16777216</backgroundColor>
<lineWidth>1</lineWidth>
<points>
<point x="579" y="185"/>
<point x="579" y="72"/>
</points>
</Connector>
<Connector class="oracle.dbtools.crest.swingui.logical.TVRelation" oid="D6D416CC-BDBC-D114-4F37-617A6C7BEB9C" otype="Relation" vid_source="BC13E0DA-E926-2A29-D6E5-E545E0B77D23" vid_target="61F60E25-D8A3-1333-61B2-897C55E35447">
<hideElementsInCurrentOnly>false</hideElementsInCurrentOnly>
<backgroundColor>-16777216</backgroundColor>
<lineWidth>1</lineWidth>
<points>
<point x="1228" y="652"/>
<point x="1087" y="652"/>
</points>
</Connector>
<Connector class="oracle.dbtools.crest.swingui.logical.TVRelation" oid="E039EFB3-9D1D-9035-3111-89C37D620B0A" otype="Relation" vid_source="57ACE020-27BF-DCB1-ED2F-6964F24E124D" vid_target="284204EC-00D6-3DFB-73AD-484166744E0B">
<hideElementsInCurrentOnly>false</hideElementsInCurrentOnly>
<backgroundColor>-16777216</backgroundColor>
<lineWidth>1</lineWidth>
<points>
<point x="830" y="108"/>
<point x="942" y="108"/>
</points>
</Connector>
<Connector class="oracle.dbtools.crest.swingui.logical.TVRelation" oid="E1DB34C1-45FD-0D9B-5629-3B8FD9E4CFA1" otype="Relation" vid_source="A06688F1-906E-192C-1C13-08B690C8C95D" vid_target="203E6D7D-EBDB-FC97-A810-A9D11FCA4F51">
<hideElementsInCurrentOnly>false</hideElementsInCurrentOnly>
<backgroundColor>-16777216</backgroundColor>
<lineWidth>1</lineWidth>
<points>
<point x="198" y="417"/>
<point x="304" y="417"/>
<point x="304" y="158"/>
</points>
</Connector>
<Connector class="oracle.dbtools.crest.swingui.logical.TVRelation" oid="FE1D7FE6-4AA3-C100-A898-F857012B07C0" otype="Relation" vid_source="A06688F1-906E-192C-1C13-08B690C8C95D" vid_target="2A4A69F1-8A98-9A2E-8F45-8ECF6E3FA300">
<hideElementsInCurrentOnly>false</hideElementsInCurrentOnly>
<backgroundColor>-16777216</backgroundColor>
<lineWidth>1</lineWidth>
<points>
<point x="135" y="467"/>
<point x="135" y="584"/>
</points>
</Connector>
</connectors>
</Diagram>