<?xml version = '1.0' encoding = 'UTF-8'?>
<Diagram class="oracle.dbtools.crest.swingui.logical.DPVLogical" name="Logical" id="A4B0E6B8-F4D8-F6C4-0205-2851B537C6AA">
<createdBy>Pc</createdBy>
<modifiedBy>Pc</modifiedBy>
<createdTime>2020-02-29 22:34:32 UTC</createdTime>
<autoRoute>false</autoRoute>
<boxInbox>true</boxInbox>
<showLegend>false</showLegend>
<showLabels>false</showLabels>
<showRelAttributes>false</showRelAttributes>
<gridEnabled>false</gridEnabled>
<showGrid>false</showGrid>
<diagramColor>-1</diagramColor>
<display>false</display>
<notation>1</notation>
<objectViews>
<OView class="oracle.dbtools.crest.swingui.logical.TVEntity" oid="59C0D08C-5375-9128-E626-283C922BC787" otype="Entity" vid="76ED8719-39D5-2914-5CE4-0031677223D7">
<hideElementsInCurrentOnly>false</hideElementsInCurrentOnly>
<bounds x="571" y="42" width="138" height="81"/>
</OView>
<OView class="oracle.dbtools.crest.swingui.logical.TVEntity" oid="734493E5-4E2B-0250-6D17-6BD58FA52638" otype="Entity" vid="8DE6DCA8-B5D9-9F59-07EA-C6B512593958">
<hideElementsInCurrentOnly>false</hideElementsInCurrentOnly>
<bounds x="567" y="323" width="129" height="82"/>
</OView>
<OView class="oracle.dbtools.crest.swingui.logical.TVEntity" oid="7574D954-5471-C915-073B-898784C8984E" otype="Entity" vid="DCEDAABE-C68B-DBB2-EAE2-F15D05FA0F92">
<hideElementsInCurrentOnly>false</hideElementsInCurrentOnly>
<bounds x="976" y="331" width="138" height="76"/>
</OView>
<OView class="oracle.dbtools.crest.swingui.logical.TVEntity" oid="7A659DA7-1A89-42BC-94AC-409429A505EF" otype="Entity" vid="C573EE17-BC82-8B51-52B0-E2D8EA4EDD59">
<hideElementsInCurrentOnly>false</hideElementsInCurrentOnly>
<bounds x="49" y="215" width="140" height="81"/>
</OView>
<OView class="oracle.dbtools.crest.swingui.logical.TVEntity" oid="9BC420E8-8BE8-F2BA-140D-4952F4042D28" otype="Entity" vid="919A08BD-A02C-363C-8A15-9A12CDD987B7">
<hideElementsInCurrentOnly>false</hideElementsInCurrentOnly>
<bounds x="391" y="448" width="126" height="84"/>
</OView>
<OView class="oracle.dbtools.crest.swingui.logical.TVEntity" oid="A3283CDF-7021-44A3-D77F-4D062F73F14A" otype="Entity" vid="8440FD47-1931-0816-EBE6-54D75B2F1ABF">
<hideElementsInCurrentOnly>false</hideElementsInCurrentOnly>
<bounds x="765" y="458" width="148" height="92"/>
</OView>
<OView class="oracle.dbtools.crest.swingui.logical.TVEntity" oid="BEE2BA38-F985-3FB4-7B2B-35AD8BDC946D" otype="Entity" vid="D9A24C07-355A-04E8-BBED-05EE600260AA">
<hideElementsInCurrentOnly>false</hideElementsInCurrentOnly>
<bounds x="383" y="215" width="148" height="82"/>
</OView>
<OView class="oracle.dbtools.crest.swingui.logical.TVEntity" oid="C9AD7091-B7BE-2AF7-DCB7-AFA04E206F6C" otype="Entity" vid="5FBE4E8C-F19C-3C38-ABB7-368602F9B534">
<hideElementsInCurrentOnly>false</hideElementsInCurrentOnly>
<bounds x="972" y="35" width="146" height="79"/>
</OView>
<OView class="oracle.dbtools.crest.swingui.logical.TVEntity" oid="CFD6EE44-E105-D0C6-D35D-92236350FD49" otype="Entity" vid="465B657A-C323-53B7-5A47-95B1BFB092B7">
<hideElementsInCurrentOnly>false</hideElementsInCurrentOnly>
<bounds x="977" y="203" width="137" height="77"/>
</OView>
<OView class="oracle.dbtools.crest.swingui.logical.TVEntity" oid="EF297D6C-E86C-21C5-B985-8D1EB00B29A3" otype="Entity" vid="303B5F12-1D2A-BBE7-5A96-ABE25E99C1FE">
<hideElementsInCurrentOnly>false</hideElementsInCurrentOnly>
<bounds x="751" y="205" width="131" height="75"/>
</OView>
<OView class="oracle.dbtools.crest.swingui.logical.TVEntity" oid="F33E08C2-AF66-E5A4-E973-05295CD8CEB5" otype="Entity" vid="5BBD49BB-59C5-D9DB-2EB4-5B5880F30888">
<hideElementsInCurrentOnly>false</hideElementsInCurrentOnly>
<bounds x="63" y="19" width="124" height="86"/>
</OView>
<OView class="oracle.dbtools.crest.swingui.logical.TVEntity" oid="F658686C-8087-9792-4BB7-D398B570A13F" otype="Entity" vid="4E9C3539-CB62-0770-C7C4-5C3619497013">
<hideElementsInCurrentOnly>false</hideElementsInCurrentOnly>
<bounds x="49" y="445" width="149" height="97"/>
</OView>
</objectViews>
<connectors>
<Connector class="oracle.dbtools.crest.swingui.logical.TVRelation" oid="04676457-760E-5DFB-89B3-E8E0F872CC0E" otype="Relation" vid_source="4E9C3539-CB62-0770-C7C4-5C3619497013" vid_target="C573EE17-BC82-8B51-52B0-E2D8EA4EDD59">
<hideElementsInCurrentOnly>false</hideElementsInCurrentOnly>
<backgroundColor>-16777216</backgroundColor>
<lineWidth>1</lineWidth>
<points>
<point x="119" y="445"/>
<point x="119" y="296"/>
</points>
</Connector>
<Connector class="oracle.dbtools.crest.swingui.logical.TVRelation" oid="0E90E94B-324C-9DF6-3755-E7C015D0C745" otype="Relation" vid_source="303B5F12-1D2A-BBE7-5A96-ABE25E99C1FE" vid_target="465B657A-C323-53B7-5A47-95B1BFB092B7">
<hideElementsInCurrentOnly>false</hideElementsInCurrentOnly>
<backgroundColor>-16777216</backgroundColor>
<lineWidth>1</lineWidth>
<points>
<point x="882" y="242"/>
<point x="977" y="242"/>
</points>
</Connector>
<Connector class="oracle.dbtools.crest.swingui.logical.TVRelation" oid="107B645A-DAD2-8481-842F-B46ADA61A6DF" otype="Relation" vid_source="76ED8719-39D5-2914-5CE4-0031677223D7" vid_target="8DE6DCA8-B5D9-9F59-07EA-C6B512593958">
<hideElementsInCurrentOnly>false</hideElementsInCurrentOnly>
<backgroundColor>-16777216</backgroundColor>
<lineWidth>1</lineWidth>
<points>
<point x="633" y="123"/>
<point x="633" y="323"/>
</points>
</Connector>
<Connector class="oracle.dbtools.crest.swingui.logical.TVRelation" oid="19D0C92D-4D3A-A77E-A673-07CA78CD8208" otype="Relation" vid_source="5BBD49BB-59C5-D9DB-2EB4-5B5880F30888" vid_target="C573EE17-BC82-8B51-52B0-E2D8EA4EDD59">
<hideElementsInCurrentOnly>false</hideElementsInCurrentOnly>
<backgroundColor>-16777216</backgroundColor>
<lineWidth>1</lineWidth>
<points>
<point x="125" y="105"/>
<point x="125" y="215"/>
</points>
</Connector>
<Connector class="oracle.dbtools.crest.swingui.logical.TVRelation" oid="3EC9F4F4-272E-5749-8815-FE9374AE383F" otype="Relation" vid_source="76ED8719-39D5-2914-5CE4-0031677223D7" vid_target="5FBE4E8C-F19C-3C38-ABB7-368602F9B534">
<hideElementsInCurrentOnly>false</hideElementsInCurrentOnly>
<backgroundColor>-16777216</backgroundColor>
<lineWidth>1</lineWidth>
<points>
<point x="709" y="78"/>
<point x="972" y="78"/>
</points>
</Connector>
<Connector class="oracle.dbtools.crest.swingui.logical.TVRelation" oid="563A3721-95DD-CFDE-2B60-2CB0A0288B9C" otype="Relation" vid_source="8DE6DCA8-B5D9-9F59-07EA-C6B512593958" vid_target="DCEDAABE-C68B-DBB2-EAE2-F15D05FA0F92">
<hideElementsInCurrentOnly>false</hideElementsInCurrentOnly>
<backgroundColor>-16777216</backgroundColor>
<lineWidth>1</lineWidth>
<points>
<point x="696" y="368"/>
<point x="976" y="368"/>
</points>
</Connector>
<Connector class="oracle.dbtools.crest.swingui.logical.TVRelation" oid="9045E2A5-9B76-2A8A-1B27-E10104A992F3" otype="Relation" vid_source="D9A24C07-355A-04E8-BBED-05EE600260AA" vid_target="C573EE17-BC82-8B51-52B0-E2D8EA4EDD59">
<hideElementsInCurrentOnly>false</hideElementsInCurrentOnly>
<backgroundColor>-16777216</backgroundColor>
<lineWidth>1</lineWidth>
<points>
<point x="383" y="255"/>
<point x="189" y="255"/>
</points>
</Connector>
<Connector class="oracle.dbtools.crest.swingui.logical.TVRelation" oid="9ABBAFD2-9E25-94D0-32E4-B5E24020BFE6" otype="Relation" vid_source="D9A24C07-355A-04E8-BBED-05EE600260AA" vid_target="76ED8719-39D5-2914-5CE4-0031677223D7">
<hideElementsInCurrentOnly>false</hideElementsInCurrentOnly>
<backgroundColor>-16777216</backgroundColor>
<lineWidth>1</lineWidth>
<points>
<point x="458" y="215"/>
<point x="458" y="81"/>
<point x="571" y="81"/>
</points>
</Connector>
<Connector class="oracle.dbtools.crest.swingui.logical.TVRelation" oid="A96AA243-B075-605D-1405-1700371EA709" otype="Relation" vid_source="D9A24C07-355A-04E8-BBED-05EE600260AA" vid_target="919A08BD-A02C-363C-8A15-9A12CDD987B7">
<hideElementsInCurrentOnly>false</hideElementsInCurrentOnly>
<backgroundColor>-16777216</backgroundColor>
<lineWidth>1</lineWidth>
<points>
<point x="454" y="297"/>
<point x="454" y="448"/>
</points>
</Connector>
<Connector class="oracle.dbtools.crest.swingui.logical.TVRelation" oid="EBA260FD-4C7C-51D0-F220-FA883C66F9BF" otype="Relation" vid_source="76ED8719-39D5-2914-5CE4-0031677223D7" vid_target="303B5F12-1D2A-BBE7-5A96-ABE25E99C1FE">
<hideElementsInCurrentOnly>false</hideElementsInCurrentOnly>
<backgroundColor>-16777216</backgroundColor>
<lineWidth>1</lineWidth>
<points>
<point x="669" y="123"/>
<point x="669" y="244"/>
<point x="751" y="244"/>
</points>
</Connector>
<Connector class="oracle.dbtools.crest.swingui.logical.TVRelation" oid="ED3EE704-0CD3-8FFE-AB27-E6983EEE682B" otype="Relation" vid_source="919A08BD-A02C-363C-8A15-9A12CDD987B7" vid_target="8440FD47-1931-0816-EBE6-54D75B2F1ABF">
<hideElementsInCurrentOnly>false</hideElementsInCurrentOnly>
<backgroundColor>-16777216</backgroundColor>
<lineWidth>1</lineWidth>
<points>
<point x="517" y="495"/>
<point x="765" y="495"/>
</points>
</Connector>
</connectors>
<displays>
<Display class="oracle.dbtools.crest.swingui.logical.DPVLogical" name="Display_1" id="BDB49439-0232-5160-AAC9-E902F87E2573">
<createdBy>Pc</createdBy>
<modifiedBy>Pc</modifiedBy>
<createdTime>2020-02-29 22:34:32 UTC</createdTime>
<autoRoute>false</autoRoute>
<boxInbox>true</boxInbox>
<showLegend>false</showLegend>
<showLabels>false</showLabels>
<showRelAttributes>false</showRelAttributes>
<gridEnabled>false</gridEnabled>
<showGrid>false</showGrid>
<diagramColor>-1</diagramColor>
<display>true</display>
<notation>1</notation>
<objectViews>
<OView class="oracle.dbtools.crest.swingui.logical.TVEntity" oid="59C0D08C-5375-9128-E626-283C922BC787" otype="Entity" vid="FB810EBD-A1FA-23D5-893C-D0FBD70F0BBE">
<hideElementsInCurrentOnly>false</hideElementsInCurrentOnly>
<bounds x="110" y="170" width="170" height="110"/>
</OView>
<OView class="oracle.dbtools.crest.swingui.logical.TVEntity" oid="734493E5-4E2B-0250-6D17-6BD58FA52638" otype="Entity" vid="00D575AE-6A8A-3B44-129B-505BF00F809A">
<hideElementsInCurrentOnly>false</hideElementsInCurrentOnly>
<bounds x="120" y="190" width="170" height="110"/>
</OView>
<OView class="oracle.dbtools.crest.swingui.logical.TVEntity" oid="7574D954-5471-C915-073B-898784C8984E" otype="Entity" vid="895053C7-1424-8812-4114-D45B87888F0D">
<hideElementsInCurrentOnly>false</hideElementsInCurrentOnly>
<bounds x="170" y="290" width="170" height="110"/>
</OView>
<OView class="oracle.dbtools.crest.swingui.logical.TVEntity" oid="7A659DA7-1A89-42BC-94AC-409429A505EF" otype="Entity" vid="F8E3380C-98C7-8670-1BC4-53EB1D8D7116">
<hideElementsInCurrentOnly>false</hideElementsInCurrentOnly>
<bounds x="60" y="70" width="170" height="110"/>
</OView>
<OView class="oracle.dbtools.crest.swingui.logical.TVEntity" oid="9BC420E8-8BE8-F2BA-140D-4952F4042D28" otype="Entity" vid="AE739E0B-A5CD-BC18-1885-38BB1776110C">
<hideElementsInCurrentOnly>false</hideElementsInCurrentOnly>
<bounds x="100" y="150" width="170" height="110"/>
</OView>
<OView class="oracle.dbtools.crest.swingui.logical.TVEntity" oid="A3283CDF-7021-44A3-D77F-4D062F73F14A" otype="Entity" vid="0CFA4940-C5D0-E228-CD38-7F6B90366580">
<hideElementsInCurrentOnly>false</hideElementsInCurrentOnly>
<bounds x="150" y="250" width="170" height="110"/>
</OView>
<OView class="oracle.dbtools.crest.swingui.logical.TVEntity" oid="BEE2BA38-F985-3FB4-7B2B-35AD8BDC946D" otype="Entity" vid="D4C481DC-1D76-0515-6D9F-72CC707816DD">
<hideElementsInCurrentOnly>false</hideElementsInCurrentOnly>
<bounds x="90" y="130" width="170" height="110"/>
</OView>
<OView class="oracle.dbtools.crest.swingui.logical.TVEntity" oid="C9AD7091-B7BE-2AF7-DCB7-AFA04E206F6C" otype="Entity" vid="D0BABAC5-092A-F6E8-BBC6-7D8C76D134AF">
<hideElementsInCurrentOnly>false</hideElementsInCurrentOnly>
<bounds x="180" y="310" width="170" height="110"/>
</OView>
<OView class="oracle.dbtools.crest.swingui.logical.TVEntity" oid="CFD6EE44-E105-D0C6-D35D-92236350FD49" otype="Entity" vid="7E906DDC-C6DA-0728-093D-6242CF6A7B02">
<hideElementsInCurrentOnly>false</hideElementsInCurrentOnly>
<bounds x="160" y="270" width="170" height="110"/>
</OView>
<OView class="oracle.dbtools.crest.swingui.logical.TVEntity" oid="EF297D6C-E86C-21C5-B985-8D1EB00B29A3" otype="Entity" vid="9E04CB31-7757-C0D5-A69A-67446224DC42">
<hideElementsInCurrentOnly>false</hideElementsInCurrentOnly>
<bounds x="130" y="210" width="170" height="110"/>
</OView>
<OView class="oracle.dbtools.crest.swingui.logical.TVEntity" oid="F33E08C2-AF66-E5A4-E973-05295CD8CEB5" otype="Entity" vid="3D9DC170-0D62-A713-96CA-06FE0448E5C8">
<hideElementsInCurrentOnly>false</hideElementsInCurrentOnly>
<bounds x="50" y="50" width="170" height="110"/>
</OView>
<OView class="oracle.dbtools.crest.swingui.logical.TVEntity" oid="F658686C-8087-9792-4BB7-D398B570A13F" otype="Entity" vid="56763F9D-A3C5-89C3-8312-BD87051825B9">
<hideElementsInCurrentOnly>false</hideElementsInCurrentOnly>
<bounds x="70" y="90" width="170" height="110"/>
</OView>
</objectViews>
<connectors>
<Connector class="oracle.dbtools.crest.swingui.logical.TVRelation" oid="04676457-760E-5DFB-89B3-E8E0F872CC0E" otype="Relation" vid_source="56763F9D-A3C5-89C3-8312-BD87051825B9" vid_target="F8E3380C-98C7-8670-1BC4-53EB1D8D7116">
<hideElementsInCurrentOnly>false</hideElementsInCurrentOnly>
<backgroundColor>-16777216</backgroundColor>
<lineWidth>1</lineWidth>
<points>
<point x="70" y="135"/>
<point x="230" y="135"/>
</points>
</Connector>
<Connector class="oracle.dbtools.crest.swingui.logical.TVRelation" oid="0E90E94B-324C-9DF6-3755-E7C015D0C745" otype="Relation" vid_source="9E04CB31-7757-C0D5-A69A-67446224DC42" vid_target="7E906DDC-C6DA-0728-093D-6242CF6A7B02">
<hideElementsInCurrentOnly>false</hideElementsInCurrentOnly>
<backgroundColor>-16777216</backgroundColor>
<lineWidth>1</lineWidth>
<points>
<point x="300" y="295"/>
<point x="160" y="295"/>
</points>
</Connector>
<Connector class="oracle.dbtools.crest.swingui.logical.TVRelation" oid="107B645A-DAD2-8481-842F-B46ADA61A6DF" otype="Relation" vid_source="FB810EBD-A1FA-23D5-893C-D0FBD70F0BBE" vid_target="00D575AE-6A8A-3B44-129B-505BF00F809A">
<hideElementsInCurrentOnly>false</hideElementsInCurrentOnly>
<backgroundColor>-16777216</backgroundColor>
<lineWidth>1</lineWidth>
<points>
<point x="280" y="235"/>
<point x="120" y="235"/>
</points>
</Connector>
<Connector class="oracle.dbtools.crest.swingui.logical.TVRelation" oid="19D0C92D-4D3A-A77E-A673-07CA78CD8208" otype="Relation" vid_source="3D9DC170-0D62-A713-96CA-06FE0448E5C8" vid_target="F8E3380C-98C7-8670-1BC4-53EB1D8D7116">
<hideElementsInCurrentOnly>false</hideElementsInCurrentOnly>
<backgroundColor>-16777216</backgroundColor>
<lineWidth>1</lineWidth>
<points>
<point x="220" y="115"/>
<point x="60" y="115"/>
</points>
</Connector>
<Connector class="oracle.dbtools.crest.swingui.logical.TVRelation" oid="3EC9F4F4-272E-5749-8815-FE9374AE383F" otype="Relation" vid_source="FB810EBD-A1FA-23D5-893C-D0FBD70F0BBE" vid_target="D0BABAC5-092A-F6E8-BBC6-7D8C76D134AF">
<hideElementsInCurrentOnly>false</hideElementsInCurrentOnly>
<backgroundColor>-16777216</backgroundColor>
<lineWidth>1</lineWidth>
<points>
<point x="230" y="280"/>
<point x="230" y="310"/>
</points>
</Connector>
<Connector class="oracle.dbtools.crest.swingui.logical.TVRelation" oid="563A3721-95DD-CFDE-2B60-2CB0A0288B9C" otype="Relation" vid_source="00D575AE-6A8A-3B44-129B-505BF00F809A" vid_target="895053C7-1424-8812-4114-D45B87888F0D">
<hideElementsInCurrentOnly>false</hideElementsInCurrentOnly>
<backgroundColor>-16777216</backgroundColor>
<lineWidth>1</lineWidth>
<points>
<point x="290" y="295"/>
<point x="170" y="295"/>
</points>
</Connector>
<Connector class="oracle.dbtools.crest.swingui.logical.TVRelation" oid="9045E2A5-9B76-2A8A-1B27-E10104A992F3" otype="Relation" vid_source="D4C481DC-1D76-0515-6D9F-72CC707816DD" vid_target="F8E3380C-98C7-8670-1BC4-53EB1D8D7116">
<hideElementsInCurrentOnly>false</hideElementsInCurrentOnly>
<backgroundColor>-16777216</backgroundColor>
<lineWidth>1</lineWidth>
<points>
<point x="90" y="155"/>
<point x="230" y="155"/>
</points>
</Connector>
<Connector class="oracle.dbtools.crest.swingui.logical.TVRelation" oid="9ABBAFD2-9E25-94D0-32E4-B5E24020BFE6" otype="Relation" vid_source="D4C481DC-1D76-0515-6D9F-72CC707816DD" vid_target="FB810EBD-A1FA-23D5-893C-D0FBD70F0BBE">
<hideElementsInCurrentOnly>false</hideElementsInCurrentOnly>
<backgroundColor>-16777216</backgroundColor>
<lineWidth>1</lineWidth>
<points>
<point x="260" y="205"/>
<point x="110" y="205"/>
</points>
</Connector>
<Connector class="oracle.dbtools.crest.swingui.logical.TVRelation" oid="A96AA243-B075-605D-1405-1700371EA709" otype="Relation" vid_source="D4C481DC-1D76-0515-6D9F-72CC707816DD" vid_target="AE739E0B-A5CD-BC18-1885-38BB1776110C">
<hideElementsInCurrentOnly>false</hideElementsInCurrentOnly>
<backgroundColor>-16777216</backgroundColor>
<lineWidth>1</lineWidth>
<points>
<point x="260" y="195"/>
<point x="100" y="195"/>
</points>
</Connector>
<Connector class="oracle.dbtools.crest.swingui.logical.TVRelation" oid="EBA260FD-4C7C-51D0-F220-FA883C66F9BF" otype="Relation" vid_source="FB810EBD-A1FA-23D5-893C-D0FBD70F0BBE" vid_target="9E04CB31-7757-C0D5-A69A-67446224DC42">
<hideElementsInCurrentOnly>false</hideElementsInCurrentOnly>
<backgroundColor>-16777216</backgroundColor>
<lineWidth>1</lineWidth>
<points>
<point x="280" y="245"/>
<point x="130" y="245"/>
</points>
</Connector>
<Connector class="oracle.dbtools.crest.swingui.logical.TVRelation" oid="ED3EE704-0CD3-8FFE-AB27-E6983EEE682B" otype="Relation" vid_source="AE739E0B-A5CD-BC18-1885-38BB1776110C" vid_target="0CFA4940-C5D0-E228-CD38-7F6B90366580">
<hideElementsInCurrentOnly>false</hideElementsInCurrentOnly>
<backgroundColor>-16777216</backgroundColor>
<lineWidth>1</lineWidth>
<points>
<point x="270" y="255"/>
<point x="150" y="255"/>
</points>
</Connector>
</connectors>
</Display>
</displays>
</Diagram>