<?xml version = '1.0' encoding = 'UTF-8'?>
<Relation class="oracle.dbtools.crest.model.design.logical.Relation" name="Relation_15" directorySegmentName="seg_0" id="04676457-760E-5DFB-89B3-E8E0F872CC0E">
<createdBy>Pc</createdBy>
<createdTime>2020-04-03 16:01:25 UTC</createdTime>
<ownerDesignName>TRAB BD</ownerDesignName>
<engineerTo>
<item key="4EB195EC-EEEC-AFA6-045D-FFC5A26BC731" value="true"/>
</engineerTo>
<identifying>false</identifying>
<optionalSource>true</optionalSource>
<optionalTarget>false</optionalTarget>
<sourceCardinality>1</sourceCardinality>
<sourceEntity>F658686C-8087-9792-4BB7-D398B570A13F</sourceEntity>
<targetCardinalityString>*</targetCardinalityString>
<targetEntity>7A659DA7-1A89-42BC-94AC-409429A505EF</targetEntity>
<transferable>true</transferable>
<deleteRule>NO ACTION</deleteRule>
</Relation>