<?xml version = '1.0' encoding = 'UTF-8'?>
<Relation class="oracle.dbtools.crest.model.design.logical.Relation" name="Relation_9" directorySegmentName="seg_0" id="0E90E94B-324C-9DF6-3755-E7C015D0C745">
<createdBy>Pc</createdBy>
<createdTime>2020-04-03 15:58:16 UTC</createdTime>
<ownerDesignName>TRAB BD</ownerDesignName>
<engineerTo>
<item key="4EB195EC-EEEC-AFA6-045D-FFC5A26BC731" value="true"/>
</engineerTo>
<identifying>false</identifying>
<optionalSource>true</optionalSource>
<optionalTarget>false</optionalTarget>
<sourceCardinality>1</sourceCardinality>
<sourceEntity>EF297D6C-E86C-21C5-B985-8D1EB00B29A3</sourceEntity>
<targetCardinalityString>*</targetCardinalityString>
<targetEntity>CFD6EE44-E105-D0C6-D35D-92236350FD49</targetEntity>
<transferable>true</transferable>
<deleteRule>NO ACTION</deleteRule>
</Relation>