<?xml version = '1.0' encoding = 'UTF-8'?>
<Relation class="oracle.dbtools.crest.model.design.logical.Relation" name="Relation_7" directorySegmentName="seg_0" id="107B645A-DAD2-8481-842F-B46ADA61A6DF">
<createdBy>Pc</createdBy>
<createdTime>2020-04-03 15:57:14 UTC</createdTime>
<ownerDesignName>TRAB BD</ownerDesignName>
<engineerTo>
<item key="4EB195EC-EEEC-AFA6-045D-FFC5A26BC731" value="true"/>
</engineerTo>
<identifying>false</identifying>
<optionalSource>true</optionalSource>
<optionalTarget>false</optionalTarget>
<sourceCardinality>*</sourceCardinality>
<sourceEntity>59C0D08C-5375-9128-E626-283C922BC787</sourceEntity>
<targetCardinalityString>1</targetCardinalityString>
<targetEntity>734493E5-4E2B-0250-6D17-6BD58FA52638</targetEntity>
<transferable>true</transferable>
<deleteRule>NO ACTION</deleteRule>
</Relation>