<?xml version = '1.0' encoding = 'UTF-8'?>
<Relation class="oracle.dbtools.crest.model.design.logical.Relation" name="Relation_14" directorySegmentName="seg_0" id="19D0C92D-4D3A-A77E-A673-07CA78CD8208">
<createdBy>Pc</createdBy>
<createdTime>2020-04-03 16:01:13 UTC</createdTime>
<ownerDesignName>TRAB BD</ownerDesignName>
<engineerTo>
<item key="4EB195EC-EEEC-AFA6-045D-FFC5A26BC731" value="true"/>
</engineerTo>
<identifying>false</identifying>
<optionalSource>true</optionalSource>
<optionalTarget>false</optionalTarget>
<sourceCardinality>1</sourceCardinality>
<sourceEntity>F33E08C2-AF66-E5A4-E973-05295CD8CEB5</sourceEntity>
<targetCardinalityString>*</targetCardinalityString>
<targetEntity>7A659DA7-1A89-42BC-94AC-409429A505EF</targetEntity>
<transferable>true</transferable>
<deleteRule>NO ACTION</deleteRule>
</Relation>