<?xml version = '1.0' encoding = 'UTF-8'?>
<Relation class="oracle.dbtools.crest.model.design.logical.Relation" name="Relation_10" directorySegmentName="seg_0" id="3EC9F4F4-272E-5749-8815-FE9374AE383F">
<createdBy>Pc</createdBy>
<createdTime>2020-04-03 15:58:37 UTC</createdTime>
<ownerDesignName>TRAB BD</ownerDesignName>
<engineerTo>
<item key="4EB195EC-EEEC-AFA6-045D-FFC5A26BC731" value="true"/>
</engineerTo>
<identifying>false</identifying>
<optionalSource>false</optionalSource>
<optionalTarget>true</optionalTarget>
<sourceCardinality>*</sourceCardinality>
<sourceEntity>59C0D08C-5375-9128-E626-283C922BC787</sourceEntity>
<targetCardinalityString>1</targetCardinalityString>
<targetEntity>C9AD7091-B7BE-2AF7-DCB7-AFA04E206F6C</targetEntity>
<transferable>true</transferable>
<deleteRule>NO ACTION</deleteRule>
</Relation>