<?xml version = '1.0' encoding = 'UTF-8'?>
<Relation class="oracle.dbtools.crest.model.design.logical.Relation" name="Relation_8" directorySegmentName="seg_0" id="563A3721-95DD-CFDE-2B60-2CB0A0288B9C">
<createdBy>Pc</createdBy>
<createdTime>2020-04-03 15:57:54 UTC</createdTime>
<ownerDesignName>TRAB BD</ownerDesignName>
<engineerTo>
<item key="4EB195EC-EEEC-AFA6-045D-FFC5A26BC731" value="true"/>
</engineerTo>
<identifying>false</identifying>
<optionalSource>true</optionalSource>
<optionalTarget>false</optionalTarget>
<sourceCardinality>1</sourceCardinality>
<sourceEntity>734493E5-4E2B-0250-6D17-6BD58FA52638</sourceEntity>
<targetCardinalityString>*</targetCardinalityString>
<targetEntity>7574D954-5471-C915-073B-898784C8984E</targetEntity>
<transferable>true</transferable>
<deleteRule>NO ACTION</deleteRule>
</Relation>