<?xml version = '1.0' encoding = 'UTF-8'?>
<Relation class="oracle.dbtools.crest.model.design.logical.Relation" name="Relation_13" directorySegmentName="seg_0" id="9045E2A5-9B76-2A8A-1B27-E10104A992F3">
<createdBy>Pc</createdBy>
<createdTime>2020-04-03 16:00:17 UTC</createdTime>
<ownerDesignName>TRAB BD</ownerDesignName>
<engineerTo>
<item key="4EB195EC-EEEC-AFA6-045D-FFC5A26BC731" value="true"/>
</engineerTo>
<identifying>false</identifying>
<optionalSource>true</optionalSource>
<optionalTarget>false</optionalTarget>
<sourceCardinality>1</sourceCardinality>
<sourceEntity>BEE2BA38-F985-3FB4-7B2B-35AD8BDC946D</sourceEntity>
<targetCardinalityString>*</targetCardinalityString>
<targetEntity>7A659DA7-1A89-42BC-94AC-409429A505EF</targetEntity>
<transferable>true</transferable>
<deleteRule>NO ACTION</deleteRule>
</Relation>