<?xml version = '1.0' encoding = 'UTF-8'?>
<Relation class="oracle.dbtools.crest.model.design.logical.Relation" name="Relation_5" directorySegmentName="seg_0" id="9ABBAFD2-9E25-94D0-32E4-B5E24020BFE6">
<createdBy>Pc</createdBy>
<createdTime>2020-04-03 15:56:12 UTC</createdTime>
<ownerDesignName>TRAB BD</ownerDesignName>
<engineerTo>
<item key="4EB195EC-EEEC-AFA6-045D-FFC5A26BC731" value="true"/>
</engineerTo>
<identifying>false</identifying>
<optionalSource>true</optionalSource>
<optionalTarget>false</optionalTarget>
<sourceCardinality>1</sourceCardinality>
<sourceEntity>BEE2BA38-F985-3FB4-7B2B-35AD8BDC946D</sourceEntity>
<targetCardinalityString>*</targetCardinalityString>
<targetEntity>59C0D08C-5375-9128-E626-283C922BC787</targetEntity>
<transferable>true</transferable>
<deleteRule>NO ACTION</deleteRule>
</Relation>