<?xml version = '1.0' encoding = 'UTF-8'?>
<Relation class="oracle.dbtools.crest.model.design.logical.Relation" name="Relation_11" directorySegmentName="seg_0" id="A96AA243-B075-605D-1405-1700371EA709">
<createdBy>Pc</createdBy>
<createdTime>2020-04-03 15:59:16 UTC</createdTime>
<ownerDesignName>TRAB BD</ownerDesignName>
<engineerTo>
<item key="4EB195EC-EEEC-AFA6-045D-FFC5A26BC731" value="true"/>
</engineerTo>
<identifying>false</identifying>
<optionalSource>true</optionalSource>
<optionalTarget>false</optionalTarget>
<sourceCardinality>1</sourceCardinality>
<sourceEntity>BEE2BA38-F985-3FB4-7B2B-35AD8BDC946D</sourceEntity>
<targetCardinalityString>*</targetCardinalityString>
<targetEntity>9BC420E8-8BE8-F2BA-140D-4952F4042D28</targetEntity>
<transferable>true</transferable>
<deleteRule>NO ACTION</deleteRule>
</Relation>