<?xml version = '1.0' encoding = 'UTF-8'?>
<Relation class="oracle.dbtools.crest.model.design.logical.Relation" name="Relation_6" directorySegmentName="seg_0" id="EBA260FD-4C7C-51D0-F220-FA883C66F9BF">
<createdBy>Pc</createdBy>
<createdTime>2020-04-03 15:56:44 UTC</createdTime>
<ownerDesignName>TRAB BD</ownerDesignName>
<engineerTo>
<item key="4EB195EC-EEEC-AFA6-045D-FFC5A26BC731" value="true"/>
</engineerTo>
<identifying>false</identifying>
<optionalSource>true</optionalSource>
<optionalTarget>false</optionalTarget>
<sourceCardinality>*</sourceCardinality>
<sourceEntity>59C0D08C-5375-9128-E626-283C922BC787</sourceEntity>
<targetCardinalityString>1</targetCardinalityString>
<targetEntity>EF297D6C-E86C-21C5-B985-8D1EB00B29A3</targetEntity>
<transferable>true</transferable>
<deleteRule>NO ACTION</deleteRule>
</Relation>