<?xml version = '1.0' encoding = 'UTF-8'?>
<Relation class="oracle.dbtools.crest.model.design.logical.Relation" name="Relation_12" directorySegmentName="seg_0" id="ED3EE704-0CD3-8FFE-AB27-E6983EEE682B">
<createdBy>Pc</createdBy>
<createdTime>2020-04-03 15:59:41 UTC</createdTime>
<ownerDesignName>TRAB BD</ownerDesignName>
<engineerTo>
<item key="4EB195EC-EEEC-AFA6-045D-FFC5A26BC731" value="true"/>
</engineerTo>
<identifying>false</identifying>
<optionalSource>false</optionalSource>
<optionalTarget>true</optionalTarget>
<sourceCardinality>*</sourceCardinality>
<sourceEntity>9BC420E8-8BE8-F2BA-140D-4952F4042D28</sourceEntity>
<targetCardinalityString>1</targetCardinalityString>
<targetEntity>A3283CDF-7021-44A3-D77F-4D062F73F14A</targetEntity>
<transferable>true</transferable>
<deleteRule>NO ACTION</deleteRule>
</Relation>