<?xml version = '1.0' encoding = 'UTF-8'?>
<Entity class="oracle.dbtools.crest.model.design.logical.Entity" directorySegmentName="seg_0" id="59C0D08C-5375-9128-E626-283C922BC787" name="VENDA">
<createdBy>Pc</createdBy>
<createdTime>2020-04-03 15:53:06 UTC</createdTime>
<ownerDesignName>TRAB BD</ownerDesignName>
<engineerTo>
<item key="4EB195EC-EEEC-AFA6-045D-FFC5A26BC731" value="true"/>
</engineerTo>
<adequatelyNormalized>NO</adequatelyNormalized>
<expectedVolumes>0</expectedVolumes>
<fwdEngineeringStrategyName>Single Table</fwdEngineeringStrategyName>
<growthPercent>0</growthPercent>
<growthType>Year</growthType>
<maxVolumes>9999999</maxVolumes>
<minVolumes>0</minVolumes>
<normalForm>Third</normalForm>
</Entity>