<?xml version = '1.0' encoding = 'UTF-8'?>
<Entity class="oracle.dbtools.crest.model.design.logical.Entity" directorySegmentName="seg_0" id="EF297D6C-E86C-21C5-B985-8D1EB00B29A3" name="animal_venda">
<createdBy>Pc</createdBy>
<createdTime>2020-04-03 15:53:39 UTC</createdTime>
<ownerDesignName>TRAB BD</ownerDesignName>
<engineerTo>
<item key="4EB195EC-EEEC-AFA6-045D-FFC5A26BC731" value="true"/>
</engineerTo>
<adequatelyNormalized>NO</adequatelyNormalized>
<expectedVolumes>0</expectedVolumes>
<fwdEngineeringStrategyName>Single Table</fwdEngineeringStrategyName>
<growthPercent>0</growthPercent>
<growthType>Year</growthType>
<maxVolumes>9999999</maxVolumes>
<minVolumes>0</minVolumes>
<normalForm>Third</normalForm>
</Entity>