<?xml version = '1.0' encoding = 'UTF-8'?>
<Diagram class="oracle.dbtools.crest.swingui.logical.DPVLogical" name="Logical" id="39577564-0416-D36D-511B-12547330A3F9">
<createdBy>Win</createdBy>
<modifiedBy>Win</modifiedBy>
<createdTime>2020-04-07 17:32:23 UTC</createdTime>
<autoRoute>false</autoRoute>
<boxInbox>true</boxInbox>
<showLegend>false</showLegend>
<showLabels>false</showLabels>
<showRelAttributes>false</showRelAttributes>
<gridEnabled>false</gridEnabled>
<showGrid>false</showGrid>
<diagramColor>-1</diagramColor>
<display>false</display>
<notation>1</notation>
<objectViews>
<OView class="oracle.dbtools.crest.swingui.logical.TVEntity" oid="15B1B312-E211-D68D-2105-FA3CED8BCAA6" otype="Entity" vid="C079E531-6D3F-27D4-5AD1-3F18E0E4BAF1">
<hideElementsInCurrentOnly>false</hideElementsInCurrentOnly>
<bounds x="1168" y="22" width="156" height="107"/>
</OView>
<OView class="oracle.dbtools.crest.swingui.logical.TVEntity" oid="2652D756-7975-4F50-5E42-B6D5CE461A68" otype="Entity" vid="293F1AEA-FA9B-4CAC-CA38-B9130B30FFEB">
<hideElementsInCurrentOnly>false</hideElementsInCurrentOnly>
<bounds x="879" y="152" width="134" height="71"/>
</OView>
<OView class="oracle.dbtools.crest.swingui.logical.TVEntity" oid="2FF39F2E-6221-8282-CDC3-D8AF3FF728FB" otype="Entity" vid="57ACE020-27BF-DCB1-ED2F-6964F24E124D">
<hideElementsInCurrentOnly>false</hideElementsInCurrentOnly>
<bounds x="744" y="313" width="135" height="77"/>
</OView>
<OView class="oracle.dbtools.crest.swingui.logical.TVEntity" oid="707AD44D-3A9B-5E05-8067-A5A2992A8B04" otype="Entity" vid="DFB796BC-7042-89B8-56BE-A5CF1D567430">
<hideElementsInCurrentOnly>false</hideElementsInCurrentOnly>
<bounds x="1170" y="330" width="130" height="83"/>
</OView>
<OView class="oracle.dbtools.crest.swingui.logical.TVEntity" oid="BD4FEAA3-2024-C15D-94A2-7CCCF6E8A469" otype="Entity" vid="44989527-9204-53B7-449A-5F7A66A8885B">
<hideElementsInCurrentOnly>false</hideElementsInCurrentOnly>
<bounds x="1167" y="145" width="131" height="91"/>
</OView>
<OView class="oracle.dbtools.crest.swingui.logical.TVEntity" oid="CB43934C-D857-D004-1E56-E13A2DFF80E9" otype="Entity" vid="A06688F1-906E-192C-1C13-08B690C8C95D">
<hideElementsInCurrentOnly>false</hideElementsInCurrentOnly>
<bounds x="152" y="274" width="129" height="80"/>
</OView>
<OView class="oracle.dbtools.crest.swingui.logical.TVEntity" oid="D0321279-C46D-5483-6313-E85A040FD85F" otype="Entity" vid="D63CA303-4C5A-78D9-68DD-4E069A3C69A6">
<hideElementsInCurrentOnly>false</hideElementsInCurrentOnly>
<bounds x="163" y="31" width="129" height="90"/>
</OView>
<OView class="oracle.dbtools.crest.swingui.logical.TVEntity" oid="DD47774A-C6C9-BBB1-F37A-CF5755E394BC" otype="Entity" vid="61F60E25-D8A3-1333-61B2-897C55E35447">
<hideElementsInCurrentOnly>false</hideElementsInCurrentOnly>
<bounds x="432" y="494" width="127" height="74"/>
</OView>
<OView class="oracle.dbtools.crest.swingui.logical.TVEntity" oid="E2814F12-D26B-9537-07C1-D0671EB00323" otype="Entity" vid="0B09DEAD-41A3-0B41-A6FC-5C0494104E80">
<hideElementsInCurrentOnly>false</hideElementsInCurrentOnly>
<bounds x="432" y="272" width="138" height="79"/>
</OView>
<OView class="oracle.dbtools.crest.swingui.logical.TVEntity" oid="E700E208-4308-1B81-DA0C-54A90DE35BDB" otype="Entity" vid="BC13E0DA-E926-2A29-D6E5-E545E0B77D23">
<hideElementsInCurrentOnly>false</hideElementsInCurrentOnly>
<bounds x="748" y="487" width="136" height="83"/>
</OView>
<OView class="oracle.dbtools.crest.swingui.logical.TVEntity" oid="EC514483-E9CC-E2EA-A680-E8D153937213" otype="Entity" vid="284204EC-00D6-3DFB-73AD-484166744E0B">
<hideElementsInCurrentOnly>false</hideElementsInCurrentOnly>
<bounds x="741" y="16" width="135" height="79"/>
</OView>
<OView class="oracle.dbtools.crest.swingui.logical.TVEntity" oid="ED9554F9-9A3B-6155-EC15-BAC7C44DEE82" otype="Entity" vid="2A4A69F1-8A98-9A2E-8F45-8ECF6E3FA300">
<hideElementsInCurrentOnly>false</hideElementsInCurrentOnly>
<bounds x="152" y="497" width="140" height="94"/>
</OView>
</objectViews>
<connectors>
<Connector class="oracle.dbtools.crest.swingui.logical.TVRelation" oid="064CF432-F034-7657-02CC-E0FF548B9D38" otype="Relation" vid_source="284204EC-00D6-3DFB-73AD-484166744E0B" vid_target="293F1AEA-FA9B-4CAC-CA38-B9130B30FFEB">
<hideElementsInCurrentOnly>false</hideElementsInCurrentOnly>
<backgroundColor>-16777216</backgroundColor>
<lineWidth>1</lineWidth>
<points>
<point x="837" y="95"/>
<point x="837" y="183"/>
<point x="879" y="183"/>
</points>
</Connector>
<Connector class="oracle.dbtools.crest.swingui.logical.TVRelation" oid="1406D4E2-1D78-A2DF-7C88-7D6924B9F9BE" otype="Relation" vid_source="0B09DEAD-41A3-0B41-A6FC-5C0494104E80" vid_target="284204EC-00D6-3DFB-73AD-484166744E0B">
<hideElementsInCurrentOnly>false</hideElementsInCurrentOnly>
<backgroundColor>-16777216</backgroundColor>
<lineWidth>1</lineWidth>
<points>
<point x="509" y="272"/>
<point x="509" y="52"/>
<point x="741" y="52"/>
</points>
</Connector>
<Connector class="oracle.dbtools.crest.swingui.logical.TVRelation" oid="2D4B2195-433E-DF46-2C9A-6DB106C29B29" otype="Relation" vid_source="284204EC-00D6-3DFB-73AD-484166744E0B" vid_target="C079E531-6D3F-27D4-5AD1-3F18E0E4BAF1">
<hideElementsInCurrentOnly>false</hideElementsInCurrentOnly>
<backgroundColor>-16777216</backgroundColor>
<lineWidth>1</lineWidth>
<points>
<point x="876" y="58"/>
<point x="1168" y="58"/>
</points>
</Connector>
<Connector class="oracle.dbtools.crest.swingui.logical.TVRelation" oid="3B924127-1B08-75CD-AEC4-45053A4A2372" otype="Relation" vid_source="A06688F1-906E-192C-1C13-08B690C8C95D" vid_target="0B09DEAD-41A3-0B41-A6FC-5C0494104E80">
<hideElementsInCurrentOnly>false</hideElementsInCurrentOnly>
<backgroundColor>-16777216</backgroundColor>
<lineWidth>1</lineWidth>
<points>
<point x="281" y="312"/>
<point x="432" y="312"/>
</points>
</Connector>
<Connector class="oracle.dbtools.crest.swingui.logical.TVRelation" oid="5FEF2160-EF8C-C1AD-C3A4-9EFF33C19EC5" otype="Relation" vid_source="A06688F1-906E-192C-1C13-08B690C8C95D" vid_target="D63CA303-4C5A-78D9-68DD-4E069A3C69A6">
<hideElementsInCurrentOnly>false</hideElementsInCurrentOnly>
<backgroundColor>-16777216</backgroundColor>
<lineWidth>1</lineWidth>
<points>
<point x="222" y="274"/>
<point x="222" y="121"/>
</points>
</Connector>
<Connector class="oracle.dbtools.crest.swingui.logical.TVRelation" oid="8C4C0127-34C0-0CFC-0F1D-5B2222BF389E" otype="Relation" vid_source="0B09DEAD-41A3-0B41-A6FC-5C0494104E80" vid_target="61F60E25-D8A3-1333-61B2-897C55E35447">
<hideElementsInCurrentOnly>false</hideElementsInCurrentOnly>
<backgroundColor>-16777216</backgroundColor>
<lineWidth>1</lineWidth>
<points>
<point x="495" y="351"/>
<point x="495" y="494"/>
</points>
</Connector>
<Connector class="oracle.dbtools.crest.swingui.logical.TVRelation" oid="BE5C40C7-B0B4-A465-E385-7F02FBACD644" otype="Relation" vid_source="57ACE020-27BF-DCB1-ED2F-6964F24E124D" vid_target="DFB796BC-7042-89B8-56BE-A5CF1D567430">
<hideElementsInCurrentOnly>false</hideElementsInCurrentOnly>
<backgroundColor>-16777216</backgroundColor>
<lineWidth>1</lineWidth>
<points>
<point x="879" y="360"/>
<point x="1170" y="360"/>
</points>
</Connector>
<Connector class="oracle.dbtools.crest.swingui.logical.TVRelation" oid="CBF65248-92C3-B99F-F0A9-9D22BE814D76" otype="Relation" vid_source="44989527-9204-53B7-449A-5F7A66A8885B" vid_target="293F1AEA-FA9B-4CAC-CA38-B9130B30FFEB">
<hideElementsInCurrentOnly>false</hideElementsInCurrentOnly>
<backgroundColor>-16777216</backgroundColor>
<lineWidth>1</lineWidth>
<points>
<point x="1167" y="187"/>
<point x="1013" y="187"/>
</points>
</Connector>
<Connector class="oracle.dbtools.crest.swingui.logical.TVRelation" oid="D6D416CC-BDBC-D114-4F37-617A6C7BEB9C" otype="Relation" vid_source="BC13E0DA-E926-2A29-D6E5-E545E0B77D23" vid_target="61F60E25-D8A3-1333-61B2-897C55E35447">
<hideElementsInCurrentOnly>false</hideElementsInCurrentOnly>
<backgroundColor>-16777216</backgroundColor>
<lineWidth>1</lineWidth>
<points>
<point x="748" y="531"/>
<point x="559" y="531"/>
</points>
</Connector>
<Connector class="oracle.dbtools.crest.swingui.logical.TVRelation" oid="E039EFB3-9D1D-9035-3111-89C37D620B0A" otype="Relation" vid_source="57ACE020-27BF-DCB1-ED2F-6964F24E124D" vid_target="284204EC-00D6-3DFB-73AD-484166744E0B">
<hideElementsInCurrentOnly>false</hideElementsInCurrentOnly>
<backgroundColor>-16777216</backgroundColor>
<lineWidth>1</lineWidth>
<points>
<point x="810" y="313"/>
<point x="810" y="95"/>
</points>
</Connector>
<Connector class="oracle.dbtools.crest.swingui.logical.TVRelation" oid="FE1D7FE6-4AA3-C100-A898-F857012B07C0" otype="Relation" vid_source="A06688F1-906E-192C-1C13-08B690C8C95D" vid_target="2A4A69F1-8A98-9A2E-8F45-8ECF6E3FA300">
<hideElementsInCurrentOnly>false</hideElementsInCurrentOnly>
<backgroundColor>-16777216</backgroundColor>
<lineWidth>1</lineWidth>
<points>
<point x="216" y="354"/>
<point x="216" y="497"/>
</points>
</Connector>
</connectors>
</Diagram>