<?xml version = '1.0' encoding = 'UTF-8'?>
<Entity class="oracle.dbtools.crest.model.design.logical.Entity" directorySegmentName="seg_0" id="111B462F-263B-1753-2E5E-24F07DB48E3C" name="PET">
<createdBy>Win</createdBy>
<createdTime>2020-04-16 12:56:21 UTC</createdTime>
<ownerDesignName>atributos</ownerDesignName>
<engineerTo>
<item key="1467E455-D9E8-30BA-CAF6-6F507AD993B3" value="true"/>
</engineerTo>
<adequatelyNormalized>NO</adequatelyNormalized>
<expectedVolumes>0</expectedVolumes>
<fwdEngineeringStrategyName>Single Table</fwdEngineeringStrategyName>
<growthPercent>0</growthPercent>
<growthType>Year</growthType>
<maxVolumes>9999999</maxVolumes>
<minVolumes>0</minVolumes>
<normalForm>Third</normalForm>
<attributes itemClass="oracle.dbtools.crest.model.design.logical.Attribute">
<Attribute name="U dono" id="8B1DD9D4-244B-7541-4793-A7C7CF0583E4">
<createdBy>Win</createdBy>
<createdTime>2020-04-16 12:59:28 UTC</createdTime>
<ownerDesignName>atributos</ownerDesignName>
<engineerTo>
<item key="1467E455-D9E8-30BA-CAF6-6F507AD993B3" value="true"/>
</engineerTo>
<nullsAllowed>true</nullsAllowed>
<use>0</use>
<ownDataTypeParameters>,,</ownDataTypeParameters>
</Attribute>
<Attribute name="U tipo de serviço " id="1608F67B-7C8C-E796-9D46-C6E7FC41400E">
<createdBy>Win</createdBy>
<createdTime>2020-04-16 12:59:48 UTC</createdTime>
<ownerDesignName>atributos</ownerDesignName>
<engineerTo>
<item key="1467E455-D9E8-30BA-CAF6-6F507AD993B3" value="true"/>
</engineerTo>
<nullsAllowed>true</nullsAllowed>
<use>0</use>
<ownDataTypeParameters>,,</ownDataTypeParameters>
</Attribute>
<Attribute name="nome" id="3D8B40CF-7D28-0831-3815-A916BBE69063">
<createdBy>Win</createdBy>
<createdTime>2020-04-16 13:00:30 UTC</createdTime>
<ownerDesignName>atributos</ownerDesignName>
<engineerTo>
<item key="1467E455-D9E8-30BA-CAF6-6F507AD993B3" value="true"/>
</engineerTo>
<nullsAllowed>true</nullsAllowed>
<use>0</use>
<ownDataTypeParameters>,,</ownDataTypeParameters>
</Attribute>
<Attribute name="U raça/especificação" id="0E39D498-2C1B-1623-638E-FC5DA95569FC">
<createdBy>Win</createdBy>
<createdTime>2020-04-16 13:01:28 UTC</createdTime>
<ownerDesignName>atributos</ownerDesignName>
<engineerTo>
<item key="1467E455-D9E8-30BA-CAF6-6F507AD993B3" value="true"/>
</engineerTo>
<nullsAllowed>true</nullsAllowed>
<use>0</use>
<ownDataTypeParameters>,,</ownDataTypeParameters>
</Attribute>
</attributes>
</Entity>