<?xml version = '1.0' encoding = 'UTF-8'?>
<Entity class="oracle.dbtools.crest.model.design.logical.Entity" directorySegmentName="seg_0" id="2652D756-7975-4F50-5E42-B6D5CE461A68" name="ANIMAL_VENDA">
<createdBy>Win</createdBy>
<createdTime>2020-04-07 17:38:46 UTC</createdTime>
<ownerDesignName>atributos</ownerDesignName>
<engineerTo>
<item key="1467E455-D9E8-30BA-CAF6-6F507AD993B3" value="true"/>
</engineerTo>
<adequatelyNormalized>NO</adequatelyNormalized>
<expectedVolumes>0</expectedVolumes>
<fwdEngineeringStrategyName>Single Table</fwdEngineeringStrategyName>
<growthPercent>0</growthPercent>
<growthType>Year</growthType>
<maxVolumes>9999999</maxVolumes>
<minVolumes>0</minVolumes>
<normalForm>Third</normalForm>
</Entity>