<?xml version = '1.0' encoding = 'UTF-8'?>
<Entity class="oracle.dbtools.crest.model.design.logical.Entity" directorySegmentName="seg_0" id="CFCEB0A1-050A-6697-FF06-61B3111BE620" name="ESTOQUE">
<createdBy>Win</createdBy>
<createdTime>2020-04-16 13:05:04 UTC</createdTime>
<ownerDesignName>atributos</ownerDesignName>
<engineerTo>
<item key="1467E455-D9E8-30BA-CAF6-6F507AD993B3" value="true"/>
</engineerTo>
<adequatelyNormalized>NO</adequatelyNormalized>
<expectedVolumes>0</expectedVolumes>
<fwdEngineeringStrategyName>Single Table</fwdEngineeringStrategyName>
<growthPercent>0</growthPercent>
<growthType>Year</growthType>
<maxVolumes>9999999</maxVolumes>
<minVolumes>0</minVolumes>
<normalForm>Third</normalForm>
<attributes itemClass="oracle.dbtools.crest.model.design.logical.Attribute">
<Attribute name="U produtos" id="EDCE16AD-D275-C3CE-E22F-30E3B37CAF6A">
<createdBy>Win</createdBy>
<createdTime>2020-04-16 13:05:20 UTC</createdTime>
<ownerDesignName>atributos</ownerDesignName>
<engineerTo>
<item key="1467E455-D9E8-30BA-CAF6-6F507AD993B3" value="true"/>
</engineerTo>
<nullsAllowed>true</nullsAllowed>
<use>0</use>
<ownDataTypeParameters>,,</ownDataTypeParameters>
</Attribute>
<Attribute name="U animais" id="5DAC6B8C-3B8C-F852-6DF1-C7DD9DE4D712">
<createdBy>Win</createdBy>
<createdTime>2020-04-16 13:05:39 UTC</createdTime>
<ownerDesignName>atributos</ownerDesignName>
<engineerTo>
<item key="1467E455-D9E8-30BA-CAF6-6F507AD993B3" value="true"/>
</engineerTo>
<nullsAllowed>true</nullsAllowed>
<use>0</use>
<ownDataTypeParameters>,,</ownDataTypeParameters>
</Attribute>
</attributes>
</Entity>