<?xml version = '1.0' encoding = 'UTF-8'?>
<Entity class="oracle.dbtools.crest.model.design.logical.Entity" directorySegmentName="seg_0" id="D0321279-C46D-5483-6313-E85A040FD85F" name="VETERINÁRIO">
<createdBy>Win</createdBy>
<createdTime>2020-04-07 17:35:57 UTC</createdTime>
<ownerDesignName>atributos</ownerDesignName>
<engineerTo>
<item key="1467E455-D9E8-30BA-CAF6-6F507AD993B3" value="true"/>
</engineerTo>
<adequatelyNormalized>NO</adequatelyNormalized>
<expectedVolumes>0</expectedVolumes>
<fwdEngineeringStrategyName>Single Table</fwdEngineeringStrategyName>
<growthPercent>0</growthPercent>
<growthType>Year</growthType>
<maxVolumes>9999999</maxVolumes>
<minVolumes>0</minVolumes>
<normalForm>Third</normalForm>
<attributes itemClass="oracle.dbtools.crest.model.design.logical.Attribute">
<Attribute name="U cpf" id="32C09DDF-917E-19DD-3DBC-B4EF9C5D37A3">
<createdBy>Win</createdBy>
<createdTime>2020-04-07 18:28:04 UTC</createdTime>
<ownerDesignName>atributos</ownerDesignName>
<engineerTo>
<item key="1467E455-D9E8-30BA-CAF6-6F507AD993B3" value="true"/>
</engineerTo>
<nullsAllowed>true</nullsAllowed>
<use>0</use>
<ownDataTypeParameters>,,</ownDataTypeParameters>
</Attribute>
<Attribute name="U salário" id="6A22A5AE-7335-6BCA-D7B4-97E104E6A430">
<createdBy>Win</createdBy>
<createdTime>2020-04-07 18:28:14 UTC</createdTime>
<ownerDesignName>atributos</ownerDesignName>
<engineerTo>
<item key="1467E455-D9E8-30BA-CAF6-6F507AD993B3" value="true"/>
</engineerTo>
<nullsAllowed>true</nullsAllowed>
<use>0</use>
<ownDataTypeParameters>,,</ownDataTypeParameters>
</Attribute>
<Attribute name="U nome" id="0E56E628-F830-3AF6-AA09-78E612FA1E19">
<createdBy>Win</createdBy>
<createdTime>2020-04-07 18:28:40 UTC</createdTime>
<ownerDesignName>atributos</ownerDesignName>
<engineerTo>
<item key="1467E455-D9E8-30BA-CAF6-6F507AD993B3" value="true"/>
</engineerTo>
<nullsAllowed>true</nullsAllowed>
<use>0</use>
<ownDataTypeParameters>,,</ownDataTypeParameters>
</Attribute>
<Attribute name="U contato" id="83E45CC8-A598-330D-158A-4BB026897193">
<createdBy>Win</createdBy>
<createdTime>2020-04-07 18:29:23 UTC</createdTime>
<ownerDesignName>atributos</ownerDesignName>
<engineerTo>
<item key="1467E455-D9E8-30BA-CAF6-6F507AD993B3" value="true"/>
</engineerTo>
<nullsAllowed>true</nullsAllowed>
<use>0</use>
<ownDataTypeParameters>,,</ownDataTypeParameters>
</Attribute>
<Attribute name="comissão" id="F4313987-E67A-46F5-A853-992111B05D12">
<createdBy>Win</createdBy>
<createdTime>2020-04-07 18:31:20 UTC</createdTime>
<ownerDesignName>atributos</ownerDesignName>
<engineerTo>
<item key="1467E455-D9E8-30BA-CAF6-6F507AD993B3" value="true"/>
</engineerTo>
<nullsAllowed>true</nullsAllowed>
<use>0</use>
<ownDataTypeParameters>,,</ownDataTypeParameters>
</Attribute>
</attributes>
</Entity>