<?xml version = '1.0' encoding = 'UTF-8'?>
<Relation class="oracle.dbtools.crest.model.design.logical.Relation" name="Relation_13" directorySegmentName="seg_0" id="1406D4E2-1D78-A2DF-7C88-7D6924B9F9BE">
<createdBy>Win</createdBy>
<createdTime>2020-04-07 17:49:47 UTC</createdTime>
<ownerDesignName>atributos</ownerDesignName>
<engineerTo>
<item key="1467E455-D9E8-30BA-CAF6-6F507AD993B3" value="true"/>
</engineerTo>
<identifying>false</identifying>
<optionalSource>true</optionalSource>
<optionalTarget>false</optionalTarget>
<sourceCardinality>1</sourceCardinality>
<sourceEntity>E2814F12-D26B-9537-07C1-D0671EB00323</sourceEntity>
<targetCardinalityString>*</targetCardinalityString>
<targetEntity>EC514483-E9CC-E2EA-A680-E8D153937213</targetEntity>
<transferable>true</transferable>
<deleteRule>NO ACTION</deleteRule>
</Relation>