<?xml version = '1.0' encoding = 'UTF-8'?>
<Relation class="oracle.dbtools.crest.model.design.logical.Relation" name="Relation_10" directorySegmentName="seg_0" id="2D4B2195-433E-DF46-2C9A-6DB106C29B29">
<createdBy>Win</createdBy>
<createdTime>2020-04-07 17:48:46 UTC</createdTime>
<ownerDesignName>atributos</ownerDesignName>
<engineerTo>
<item key="1467E455-D9E8-30BA-CAF6-6F507AD993B3" value="true"/>
</engineerTo>
<identifying>false</identifying>
<optionalSource>false</optionalSource>
<optionalTarget>true</optionalTarget>
<sourceCardinality>*</sourceCardinality>
<sourceEntity>EC514483-E9CC-E2EA-A680-E8D153937213</sourceEntity>
<targetCardinalityString>1</targetCardinalityString>
<targetEntity>15B1B312-E211-D68D-2105-FA3CED8BCAA6</targetEntity>
<transferable>true</transferable>
<deleteRule>NO ACTION</deleteRule>
</Relation>