<?xml version = '1.0' encoding = 'UTF-8'?>
<Relation class="oracle.dbtools.crest.model.design.logical.Relation" name="Relation_3" directorySegmentName="seg_0" id="3B924127-1B08-75CD-AEC4-45053A4A2372">
<createdBy>Win</createdBy>
<createdTime>2020-04-07 17:46:58 UTC</createdTime>
<ownerDesignName>atributos</ownerDesignName>
<engineerTo>
<item key="1467E455-D9E8-30BA-CAF6-6F507AD993B3" value="true"/>
</engineerTo>
<identifying>false</identifying>
<optionalSource>false</optionalSource>
<optionalTarget>true</optionalTarget>
<sourceCardinality>*</sourceCardinality>
<sourceEntity>CB43934C-D857-D004-1E56-E13A2DFF80E9</sourceEntity>
<targetCardinalityString>1</targetCardinalityString>
<targetEntity>E2814F12-D26B-9537-07C1-D0671EB00323</targetEntity>
<transferable>true</transferable>
<deleteRule>NO ACTION</deleteRule>
</Relation>