<?xml version = '1.0' encoding = 'UTF-8'?>
<Relation class="oracle.dbtools.crest.model.design.logical.Relation" name="Relation_1" directorySegmentName="seg_0" id="5FEF2160-EF8C-C1AD-C3A4-9EFF33C19EC5">
<createdBy>Win</createdBy>
<createdTime>2020-04-07 17:46:46 UTC</createdTime>
<ownerDesignName>atributos</ownerDesignName>
<engineerTo>
<item key="1467E455-D9E8-30BA-CAF6-6F507AD993B3" value="true"/>
</engineerTo>
<identifying>false</identifying>
<optionalSource>false</optionalSource>
<optionalTarget>true</optionalTarget>
<sourceCardinality>*</sourceCardinality>
<sourceEntity>CB43934C-D857-D004-1E56-E13A2DFF80E9</sourceEntity>
<targetCardinalityString>1</targetCardinalityString>
<targetEntity>D0321279-C46D-5483-6313-E85A040FD85F</targetEntity>
<transferable>true</transferable>
<deleteRule>NO ACTION</deleteRule>
</Relation>