<?xml version = '1.0' encoding = 'UTF-8'?>
<Relation class="oracle.dbtools.crest.model.design.logical.Relation" name="Relation_4" directorySegmentName="seg_0" id="8C4C0127-34C0-0CFC-0F1D-5B2222BF389E">
<createdBy>Win</createdBy>
<createdTime>2020-04-07 17:47:07 UTC</createdTime>
<ownerDesignName>atributos</ownerDesignName>
<engineerTo>
<item key="1467E455-D9E8-30BA-CAF6-6F507AD993B3" value="true"/>
</engineerTo>
<identifying>false</identifying>
<optionalSource>true</optionalSource>
<optionalTarget>false</optionalTarget>
<sourceCardinality>1</sourceCardinality>
<sourceEntity>E2814F12-D26B-9537-07C1-D0671EB00323</sourceEntity>
<targetCardinalityString>*</targetCardinalityString>
<targetEntity>DD47774A-C6C9-BBB1-F37A-CF5755E394BC</targetEntity>
<transferable>true</transferable>
<deleteRule>NO ACTION</deleteRule>
</Relation>