<?xml version = '1.0' encoding = 'UTF-8'?>
<Relation class="oracle.dbtools.crest.model.design.logical.Relation" name="Relation_11" directorySegmentName="seg_0" id="BE5C40C7-B0B4-A465-E385-7F02FBACD644">
<createdBy>Win</createdBy>
<createdTime>2020-04-07 17:48:52 UTC</createdTime>
<ownerDesignName>atributos</ownerDesignName>
<engineerTo>
<item key="1467E455-D9E8-30BA-CAF6-6F507AD993B3" value="true"/>
</engineerTo>
<identifying>false</identifying>
<optionalSource>true</optionalSource>
<optionalTarget>false</optionalTarget>
<sourceCardinality>1</sourceCardinality>
<sourceEntity>2FF39F2E-6221-8282-CDC3-D8AF3FF728FB</sourceEntity>
<targetCardinalityString>*</targetCardinalityString>
<targetEntity>707AD44D-3A9B-5E05-8067-A5A2992A8B04</targetEntity>
<transferable>true</transferable>
<deleteRule>NO ACTION</deleteRule>
</Relation>