<?xml version = '1.0' encoding = 'UTF-8'?>
<Relation class="oracle.dbtools.crest.model.design.logical.Relation" name="Relation_2" directorySegmentName="seg_0" id="FE1D7FE6-4AA3-C100-A898-F857012B07C0">
<createdBy>Win</createdBy>
<createdTime>2020-04-07 17:46:52 UTC</createdTime>
<ownerDesignName>atributos</ownerDesignName>
<engineerTo>
<item key="1467E455-D9E8-30BA-CAF6-6F507AD993B3" value="true"/>
</engineerTo>
<identifying>false</identifying>
<optionalSource>false</optionalSource>
<optionalTarget>true</optionalTarget>
<sourceCardinality>*</sourceCardinality>
<sourceEntity>CB43934C-D857-D004-1E56-E13A2DFF80E9</sourceEntity>
<targetCardinalityString>1</targetCardinalityString>
<targetEntity>ED9554F9-9A3B-6155-EC15-BAC7C44DEE82</targetEntity>
<transferable>true</transferable>
<deleteRule>NO ACTION</deleteRule>
</Relation>